{"train_loss": 3.714253746224338e+299, "val_loss": 6.084921627758111e+298, "_timestamp": 1694762072.0326686, "_runtime": 3.7688066959381104, "_step": 0, "_wandb": {"runtime": 3}}