{"train_loss": 1.0981238008254418e+173, "val_loss": 1.0540249542195345e+136, "_timestamp": 1694606397.485792, "_runtime": 17.706761837005615, "_step": 79, "_wandb": {"runtime": 17}}