{"train_loss": 1.6162751553853354, "val_loss": 1.61757279586792, "_timestamp": 1694872665.9414175, "_runtime": 294.11573338508606, "_step": 3, "gradients/layers.7.bias": {"_type": "histogram", "values": [1.0, 0.0, 1.0, 0.0, 0.0, 0.0, 0.0, 0.0, 0.0, 1.0, 1.0, 0.0, 0.0, 0.0, 0.0, 0.0, 1.0, 0.0, 0.0, 0.0, 0.0, 0.0, 0.0, 1.0, 1.0, 1.0, 0.0, 0.0, 0.0, 0.0, 0.0, 0.0, 0.0, 1.0, 0.0, 1.0, 0.0, 0.0, 0.0, 1.0, 0.0, 0.0, 0.0, 0.0, 0.0, 0.0, 0.0, 0.0, 0.0, 1.0, 0.0, 1.0, 0.0, 0.0, 1.0, 0.0, 0.0, 0.0, 0.0, 0.0, 0.0, 0.0, 0.0, 1.0], "bins": [-0.005632354877889156, -0.005453863646835089, -0.005275372881442308, -0.005096881650388241, -0.004918390419334173, -0.004739899188280106, -0.004561408422887325, -0.004382917191833258, -0.00420442596077919, -0.00402593519538641, -0.003847443964332342, -0.003668952966108918, -0.0034904619678854942, -0.0033119707368314266, -0.0031334797386080027, -0.002954988507553935, -0.002776497509330511, -0.002598006511107087, -0.0024195152800530195, -0.0022410242818295956, -0.002062533050775528, -0.001884042052552104, -0.00170555105432868, -0.0015270598232746124, -0.0013485690578818321, -0.0011700778268277645, -0.000991586595773697, -0.0008130953647196293, -0.000634604599326849, -0.00045611336827278137, -0.00027762213721871376, -9.913137182593346e-05, 7.935939356684685e-05, 0.00025785062462091446, 0.00043634139001369476, 0.0006148326210677624, 0.00079332385212183, 0.0009718146175146103, 0.001150305848568678, 0.0013287970796227455, 0.0015072883106768131, 0.0016857790760695934, 0.001864270307123661, 0.002042761305347085, 0.002221252303570509, 0.0023997435346245766, 0.0025782345328480005, 0.002756725763902068, 0.002935216762125492, 0.003113707760348916, 0.0032921989914029837, 0.0034706899896264076, 0.0036491812206804752, 0.003827672218903899, 0.004006163217127323, 0.004184654448181391, 0.004363145679235458, 0.004541636444628239, 0.004720127675682306, 0.004898618906736374, 0.005077109672129154, 0.005255600903183222, 0.005434092134237289, 0.00561258289963007, 0.005791074130684137]}, "gradients/layers.7.weight": {"_type": "histogram", "values": [1.0, 0.0, 0.0, 0.0, 0.0, 0.0, 1.0, 0.0, 1.0, 0.0, 0.0, 0.0, 2.0, 1.0, 1.0, 1.0, 2.0, 0.0, 1.0, 2.0, 0.0, 1.0, 2.0, 1.0, 2.0, 1.0, 1.0, 0.0, 1.0, 3.0, 2.0, 4.0, 3.0, 13.0, 50.0, 9.0, 6.0, 3.0, 0.0, 1.0, 2.0, 1.0, 3.0, 1.0, 4.0, 3.0, 0.0, 3.0, 1.0, 1.0, 3.0, 3.0, 2.0, 2.0, 0.0, 1.0, 1.0, 0.0, 0.0, 0.0, 1.0, 0.0, 1.0, 1.0], "bins": [-0.002988071646541357, -0.0029006481636315584, -0.00281322468072176, -0.0027258009649813175, -0.002638377482071519, -0.0025509539991617203, -0.0024635305162519217, -0.002376107033342123, -0.0022886833176016808, -0.002201259834691882, -0.0021138363517820835, -0.0020264126360416412, -0.0019389892695471644, -0.001851565670222044, -0.0017641421873122454, -0.001676718587987125, -0.0015892951050773263, -0.0015018716221675277, -0.0014144480228424072, -0.0013270245399326086, -0.0012396009406074882, -0.0011521774576976895, -0.001064753858372569, -0.0009773303754627705, -0.0008899068925529718, -0.0008024834096431732, -0.0007150596939027309, -0.0006276362109929323, -0.0005402127280831337, -0.0004527892451733351, -0.0003653655294328928, -0.0002779420465230942, -0.00019051856361329556, -0.00010309508070349693, -1.567159779369831e-05, 7.175211794674397e-05, 0.0001591756008565426, 0.0002465990837663412, 0.00033402256667613983, 0.0004214462824165821, 0.0005088697653263807, 0.0005962932482361794, 0.000683716731145978, 0.0007711403304710984, 0.000858563813380897, 0.0009459874127060175, 0.0010334108956158161, 0.0011208344949409366, 0.0012082579778507352, 0.0012956814607605338, 0.0013831050600856543, 0.0014705285429954529, 0.0015579521423205733, 0.001645375625230372, 0.0017327992245554924, 0.001820222707465291, 0.0019076461903750896, 0.001995069906115532, 0.0020824933890253305, 0.002169916871935129, 0.002257340354844928, 0.0023447638377547264, 0.0024321875534951687, 0.0025196110364049673, 0.002607034519314766]}, "gradients/layers.6.bias": {"_type": "histogram", "values": [1.0, 1.0, 0.0, 0.0, 0.0, 0.0, 0.0, 0.0, 0.0, 0.0, 0.0, 0.0, 0.0, 0.0, 1.0, 1.0, 0.0, 0.0, 0.0, 0.0, 0.0, 0.0, 1.0, 0.0, 0.0, 0.0, 0.0, 0.0, 0.0, 0.0, 0.0, 1.0, 0.0, 0.0, 0.0, 0.0, 0.0, 0.0, 0.0, 0.0, 0.0, 0.0, 0.0, 3.0, 0.0, 0.0, 0.0, 0.0, 0.0, 0.0, 0.0, 0.0, 2.0, 1.0, 0.0, 0.0, 0.0, 0.0, 0.0, 0.0, 1.0, 1.0, 0.0, 1.0], "bins": [-0.005766990594565868, -0.0056116823107004166, -0.005456374492496252, -0.0053010662086308, -0.0051457579247653484, -0.004990449640899897, -0.004835141822695732, -0.00467983353883028, -0.0045245252549648285, -0.004369216971099377, -0.004213909152895212, -0.00405860086902976, -0.003903292817994952, -0.0037479845341295004, -0.0035926764830946922, -0.0034373681992292404, -0.0032820601481944323, -0.003126752097159624, -0.0029714438132941723, -0.002816135762259364, -0.0026608274783939123, -0.002505519427359104, -0.0023502111434936523, -0.002194903092458844, -0.002039595041424036, -0.0018842867575585842, -0.0017289784736931324, -0.001573670655488968, -0.001418362371623516, -0.0012630540877580643, -0.0011077458038926125, -0.000952437985688448, -0.0007971297018229961, -0.0006418214179575443, -0.0004865135997533798, -0.000331205315887928, -0.0001758970320224762, -2.0588748157024384e-05, 0.00013471907004714012, 0.00029002735391259193, 0.00044533563777804375, 0.0006006436888128519, 0.0007559517398476601, 0.0009112600237131119, 0.00106656807474792, 0.0012218763586133718, 0.00137718440964818, 0.0015324926935136318, 0.00168780074454844, 0.0018431087955832481, 0.0019984170794487, 0.002153725130483508, 0.00230903341434896, 0.002464341465383768, 0.00261964974924922, 0.002774957800284028, 0.002930265851318836, 0.003085574135184288, 0.00324088241904974, 0.003396190470084548, 0.003551498521119356, 0.003706806804984808, 0.003862114856019616, 0.004017422907054424, 0.004172731190919876]}, "gradients/layers.6.weight": {"_type": "histogram", "values": [1.0, 0.0, 0.0, 0.0, 0.0, 0.0, 1.0, 1.0, 0.0, 0.0, 0.0, 1.0, 2.0, 0.0, 1.0, 2.0, 2.0, 1.0, 1.0, 1.0, 2.0, 2.0, 4.0, 3.0, 5.0, 1.0, 1.0, 5.0, 5.0, 11.0, 15.0, 48.0, 11.0, 2.0, 1.0, 0.0, 0.0, 1.0, 3.0, 1.0, 1.0, 2.0, 4.0, 0.0, 1.0, 0.0, 0.0, 1.0, 2.0, 0.0, 0.0, 2.0, 0.0, 0.0, 0.0, 1.0, 0.0, 0.0, 0.0, 0.0, 0.0, 0.0, 0.0, 1.0], "bins": [-0.0010653455974534154, -0.0010310867801308632, -0.000996827962808311, -0.0009625692036934197, -0.0009283104445785284, -0.0008940516272559762, -0.000859792809933424, -0.0008255339926108718, -0.0007912752334959805, -0.0007570164743810892, -0.000722757657058537, -0.0006884988397359848, -0.0006542400224134326, -0.0006199812632985413, -0.0005857224459759891, -0.0005514636868610978, -0.0005172048695385456, -0.0004829460522159934, -0.0004486872931011021, -0.0004144284757785499, -0.0003801697166636586, -0.0003459108993411064, -0.0003116520820185542, -0.0002773933229036629, -0.00024313450558111072, -0.0002088756882585585, -0.00017461692914366722, -0.00014035811182111502, -0.00010609929449856281, -7.184047717601061e-05, -3.758177626878023e-05, -3.3229589462280273e-06, 3.0935974791646004e-05, 6.519479211419821e-05, 9.945360943675041e-05, 0.0001337123103439808, 0.000167971127666533, 0.0002022299449890852, 0.0002364887623116374, 0.0002707475214265287, 0.0003050063387490809, 0.0003392651560716331, 0.0003735239151865244, 0.0004077827325090766, 0.0004420415498316288, 0.0004763003089465201, 0.0005105591262690723, 0.0005448178853839636, 0.0005790767027065158, 0.000613335520029068, 0.0006475942791439593, 0.0006818530964665115, 0.0007161118555814028, 0.000750370672903955, 0.0007846294902265072, 0.0008188883075490594, 0.0008531470666639507, 0.000887405825778842, 0.0009216646431013942, 0.0009559234604239464, 0.0009901822777464986, 0.0010244410950690508, 0.0010586997959762812, 0.0010929586132988334, 0.0011272174306213856]}, "gradients/layers.5.bias": {"_type": "histogram",