{"train_loss": 1.251174283739925e+173, "val_loss": 2.6225534793184026e+154, "_timestamp": 1694606311.5043433, "_runtime": 18.006628274917603, "_step": 79, "_wandb": {"runtime": 17}}