{"train_loss": 1.8240706596374512, "val_loss": 1.7571335830688477, "_timestamp": 1694862095.6302583, "_runtime": 68.54256224632263, "_step": 0, "_wandb": {"runtime": 80}}