{"train_loss": 5.627971199103224, "val_loss": 5.3257384366714975, "_timestamp": 1694762603.11579, "_runtime": 18.44908094406128, "_step": 79, "_wandb": {"runtime": 17}}