{"train_loss": 0.7957787036895752, "val_loss": 0.5621731281280518, "_timestamp": 1694772951.9213026, "_runtime": 5.455122470855713, "_step": 48, "_wandb": {"runtime": 4}}