{"train_loss": 1.7394783635845544e+295, "val_loss": 5.353278789384407e+182, "_timestamp": 1694606785.0890532, "_runtime": 6.894008159637451, "_step": 18, "_wandb": {"runtime": 6}}