{"train_loss": 0.012955569692452748, "val_loss": 0.025429890155792237, "_timestamp": 1694775582.269013, "_runtime": 167.70515394210815, "_step": 1, "_wandb": {"runtime": 167}}