{"train_loss": 0.6116632938385009, "val_loss": 0.7920412063598633, "_timestamp": 1694772977.7383196, "_runtime": 6.593891620635986, "_step": 79, "_wandb": {"runtime": 5}}