{"train_loss": 0.04835442186991374, "val_loss": 0.09566279172897339, "_timestamp": 1694773171.6820586, "_runtime": 62.013251543045044, "_step": 1, "_wandb": {"runtime": 79}}