{"train_loss": 1.5670889932583016, "val_loss": 1.5634411737165919, "_timestamp": 1694764143.1575105, "_runtime": 8.44770860671997, "_step": 23, "_wandb": {"runtime": 7}}