{"train_loss": 4.752865432364814, "val_loss": 4.604062361987625, "_timestamp": 1694762166.6627858, "_runtime": 18.137818813323975, "_step": 79, "_wandb": {"runtime": 17}}