{"train_loss": 2.1139112727247674e+218, "val_loss": 8.760211217558408e+180, "_timestamp": 1694606098.974578, "_runtime": 17.97968101501465, "_step": 79, "_wandb": {"runtime": 17}}