{"train_loss": 0.006577834202845891, "val_loss": 0.013232388079166412, "_timestamp": 1694775966.757085, "_runtime": 346.8638801574707, "_step": 11, "gradients/layers.7.bias": {"_type": "histogram", "values": [1.0, 0.0, 0.0, 0.0, 0.0, 0.0, 0.0, 0.0, 0.0, 0.0, 0.0, 0.0, 0.0, 2.0, 0.0, 0.0, 2.0, 0.0, 1.0, 2.0, 0.0, 0.0, 0.0, 0.0, 0.0, 0.0, 0.0, 0.0, 0.0, 0.0, 0.0, 0.0, 0.0, 0.0, 0.0, 1.0, 0.0, 0.0, 0.0, 0.0, 0.0, 0.0, 0.0, 0.0, 0.0, 1.0, 0.0, 1.0, 0.0, 0.0, 0.0, 0.0, 0.0, 1.0, 0.0, 0.0, 0.0, 1.0, 0.0, 0.0, 0.0, 1.0, 0.0, 1.0], "bins": [0.01090824231505394, 0.011580001562833786, 0.012251761741936207, 0.012923520989716053, 0.0135952802374959, 0.01426704041659832, 0.014938799664378166, 0.015610558912158012, 0.01628231815993786, 0.016954079270362854, 0.0176258385181427, 0.018297597765922546, 0.018969357013702393, 0.01964111626148224, 0.020312875509262085, 0.02098463475704193, 0.021656394004821777, 0.022328153252601624, 0.02299991436302662, 0.023671673610806465, 0.02434343285858631, 0.025015193969011307, 0.025686953216791153, 0.026358712464571, 0.027030471712350845, 0.02770223096013069, 0.028373990207910538, 0.029045749455690384, 0.02971750870347023, 0.030389269813895226, 0.03106102906167507, 0.03173279017210007, 0.03240454941987991, 0.03307630866765976, 0.033748067915439606, 0.03441982716321945, 0.0350915864109993, 0.035763345658779144, 0.03643510490655899, 0.03710686415433884, 0.03777862340211868, 0.03845038264989853, 0.039122141897678375, 0.03979390114545822, 0.04046566039323807, 0.041137419641017914, 0.04180917888879776, 0.042480941861867905, 0.04315270110964775, 0.0438244603574276, 0.04449621960520744, 0.04516797885298729, 0.045839738100767136, 0.04651149734854698, 0.04718325659632683, 0.047855015844106674, 0.04852677509188652, 0.049198538064956665, 0.04987029731273651, 0.05054205656051636, 0.051213815808296204, 0.05188557505607605, 0.052557334303855896, 0.05322909355163574, 0.05390085279941559]}, "gradients/layers.7.weight": {"_type": "histogram", "values": [30.0, 1.0, 0.0, 4.0, 2.0, 4.0, 4.0, 0.0, 6.0, 5.0, 9.0, 7.0, 7.0, 4.0, 3.0, 2.0, 3.0, 1.0, 5.0, 1.0, 5.0, 4.0, 4.0, 1.0, 5.0, 2.0, 4.0, 2.0, 4.0, 2.0, 3.0, 1.0, 1.0, 0.0, 1.0, 2.0, 0.0, 0.0, 1.0, 1.0, 0.0, 1.0, 0.0, 0.0, 1.0, 0.0, 1.0, 0.0, 1.0, 1.0, 0.0, 0.0, 1.0, 0.0, 0.0, 0.0, 1.0, 0.0, 0.0, 0.0, 1.0, 0.0, 0.0, 1.0], "bins": [0.0, 0.000587938935495913, 0.001175877870991826, 0.001763816806487739, 0.002351755741983652, 0.0029396945610642433, 0.003527633612975478, 0.004115572664886713, 0.004703511483967304, 0.005291450303047895, 0.005879389122128487, 0.006467328406870365, 0.007055267225950956, 0.0076432060450315475, 0.008231145329773426, 0.00881908368319273, 0.009407022967934608, 0.009994962252676487, 0.01058290060609579, 0.01117083989083767, 0.011758778244256973, 0.012346717528998852, 0.01293465681374073, 0.013522595167160034, 0.014110534451901913, 0.014698473736643791, 0.015286412090063095, 0.0158743504434824, 0.016462290659546852, 0.017050229012966156, 0.01763816736638546, 0.018226107582449913, 0.018814045935869217, 0.01940198428928852, 0.019989924505352974, 0.020577862858772278, 0.02116580121219158, 0.021753741428256035, 0.02234167978167534, 0.022929618135094643, 0.023517556488513947, 0.0241054967045784, 0.024693435057997704, 0.025281373411417007, 0.02586931362748146, 0.026457251980900764, 0.02704519033432007, 0.02763313055038452, 0.028221068903803825, 0.02880900725722313, 0.029396947473287582, 0.029984885826706886, 0.03057282418012619, 0.031160764396190643, 0.031748704612255096, 0.03233664110302925, 0.032924581319093704, 0.03351251780986786, 0.03410045802593231, 0.034688398241996765, 0.03527633473277092, 0.03586427494883537, 0.036452215164899826, 0.03704015165567398, 0.037628091871738434]}, "gradients/layers.6.bias": {"_type": "histogram", "values": [1.0, 0.0, 0.0, 0.0, 0.0, 0.0, 0.0, 1.0, 3.0, 0.0, 0.0, 0.0, 0.0, 0.0, 0.0, 0.0, 0.0, 1.0, 0.0, 0.0, 0.0, 0.0, 0.0, 0.0, 2.0, 0.0, 0.0, 0.0, 0.0, 1.0, 0.0, 0.0, 0.0, 0.0, 2.0, 0.0, 0.0, 0.0, 0.0, 0.0, 1.0, 1.0, 0.0, 0.0, 0.0, 0.0, 0.0, 0.0, 0.0, 0.0, 0.0, 0.0, 0.0, 0.0, 1.0, 0.0, 0.0, 0.0, 0.0, 0.0, 0.0, 0.0, 0.0, 1.0], "bins": [-0.02978791855275631, -0.02870042994618416, -0.027612939476966858, -0.026525450870394707, -0.025437962263822556, -0.024350471794605255, -0.023262983188033104, -0.022175494581460953, -0.021088004112243652, -0.0200005155056715, -0.01891302689909935, -0.01782553642988205, -0.0167380478233099, -0.015650559216737747, -0.014563069678843021, -0.013475580140948296, -0.012388091534376144, -0.011300602927803993, -0.010213112458586693, -0.009125623852014542, -0.00803813524544239, -0.00695064477622509, -0.005863156169652939, -0.004775667563080788, -0.0036881770938634872, -0.002600688487291336, -0.0015131998807191849, -0.0004257112741470337, 0.0006617791950702667, 0.001749267801642418, 0.0028367582708597183, 0.00392424501478672, 0.0050117336213588715, 0.006099224090576172, 0.007186710834503174, 0.008274201303720474, 0.009361689910292625, 0.010449180379509926, 0.011536668986082077, 0.012624157592654228, 0.01371164619922638, 0.01479913666844368, 0.01588662527501583, 0.016974113881587982, 0.018061604350805283, 0.019149092957377434, 0.020236581563949585, 0.021324072033166885, 0.022411560639739037, 0.023499049246311188, 0.024586539715528488, 0.02567402832210064, 0.02676151692867279, 0.02784900739789009, 0.028936496004462242, 0.030023984611034393, 0.031111475080251694, 0.032198961824178696, 0.033286452293395996, 0.034373942762613297, 0.0354614295065403, 0.0365489199757576, 0.0376364104449749, 0.0387238971889019, 0.0398113876581192]}, "gradients/layers.6.weight": {"_type": "histogram", "values": [1.0, 0.0, 0.0, 0.0, 0.0, 0.0, 0.0, 2.0, 0.0, 1.0, 0.0, 0.0, 2.0, 3.0, 3.0, 3.0, 3.0, 3.0, 1.0, 6.0, 2.0, 3.0, 3.0, 4.0, 4.0, 6.0, 7.0, 14.0, 36.0, 2.0, 0.0, 2.0, 2.0, 2.0, 1.0, 5.0, 3.0, 4.0, 2.0, 2.0, 3.0, 0.0, 0.0, 4.0, 0.0, 2.0, 0.0, 2.0, 2.0, 1.0, 1.0, 0.0, 1.0, 0.0, 1.0, 0.0, 0.0, 0.0, 0.0, 0.0, 0.0, 0.0, 0.0, 1.0], "bins": [-0.021211806684732437, -0.020473508164286613, -0.01973520778119564, -0.018996909260749817, -0.018258608877658844, -0.01752031035721302, -0.016782011836767197, -0.016043711453676224, -0.0153054129332304, -0.014567113481462002, -0.013828814029693604, -0.01309051550924778, -0.012352216057479382, -0.011613916605710983, -0.01087561808526516, -0.010137318633496761, -0.009399019181728363, -0.008660719729959965, -0.007922420278191566, -0.007184121757745743, -0.0064458223059773445, -0.005707522854208946, -0.0049692243337631226, -0.00423092395067215, -0.003492625430226326, -0.0027543269097805023, -0.0020160265266895294, -0.0012777280062437057, -0.0005394294857978821, 0.00019887089729309082, 0.0009371694177389145, 0.0016754698008298874, 0.002413768321275711, 0.0031520668417215347, 0.0038903672248125076, 0.004628665745258331, 0.005366966128349304, 0.006105264648795128, 0.0068435631692409515, 0.0075818635523319244, 0.008320162072777748, 0.009058460593223572, 0.009796760976314545, 0.010535059496760368, 0.011273358948528767, 0.012011658400297165, 0.012749956920742989, 0.013488256372511387, 0.014226555824279785, 0.014964855276048183, 0.01570315472781658, 0.016441453248262405, 0.01717975363135338, 0.017918052151799202, 0.018656350672245026, 0.019394651055336, 0.020132949575781822, 0.020871248096227646, 0.02160954847931862, 0.022347846999764442, 0.023086145520210266, 0.02382444590330124, 0.024562744423747063, 0.025301044806838036, 0.02603934332728386]}, "gradients/layers.5.bias": {"_type": "histogram", "values": [2.0, 0.0, 0.0, 0.0, 0.0, 0.0, 0.0, 0.0, 0.0, 0.0, 0.0, 0.0, 0.0, 0.0, 0.0, 0.0, 1.0, 0.0, 0.0, 0.0, 0.0, 0.0, 0.0, 0.0, 0.0, 0.0, 0.0, 1.0, 0.0, 0.0, 1.0, 0.0, 0.0, 1.0, 0.0, 0.0, 1.0, 0.0, 0.0, 0.0, 0.0, 0.0, 0.0, 0.0, 1.0, 0.0, 0.0, 0.0, 0.0, 0.0, 0.0, 0.0, 0.0, 0.0, 0.0, 0.0, 0.0, 0.0, 0.0, 0.0, 0.0, 0.0, 0.0, 2.0],