{"train_loss": 1.6907191729227702, "val_loss": 1.6535466842651367, "_timestamp": 1694872249.1855218, "_runtime": 70.417231798172, "_step": 0, "_wandb": {"runtime": 128}}