{"train_loss": 1.6149958386739096, "val_loss": 1.6195953292846679, "_timestamp": 1694867406.9156716, "_runtime": 5236.182302474976, "_step": 79, "gradients/layers.7.bias": {"_type": "histogram", "values": [1.0, 0.0, 1.0, 0.0, 0.0, 0.0, 0.0, 0.0, 0.0, 0.0, 0.0, 0.0, 0.0, 2.0, 0.0, 0.0, 0.0, 1.0, 0.0, 1.0, 1.0, 0.0, 1.0, 0.0, 0.0, 1.0, 0.0, 0.0, 0.0, 0.0, 0.0, 0.0, 0.0, 1.0, 0.0, 0.0, 1.0, 0.0, 1.0, 0.0, 0.0, 0.0, 1.0, 0.0, 0.0, 0.0, 0.0, 0.0, 0.0, 0.0, 0.0, 1.0, 0.0, 0.0, 0.0, 0.0, 0.0, 0.0, 0.0, 0.0, 0.0, 0.0, 0.0, 1.0], "bins": [-0.00020672765094786882, -0.00019937996694352478, -0.00019203228293918073, -0.00018468458438292146, -0.0001773369003785774, -0.00016998921637423337, -0.00016264153236988932, -0.00015529384836554527, -0.000147946149809286, -0.00014059846580494195, -0.0001332507818005979, -0.00012590308324433863, -0.0001185554065159522, -0.00011120771523565054, -0.0001038600312313065, -9.651233995100483e-05, -8.916465594666079e-05, -8.181696466635913e-05, -7.446928066201508e-05, -6.712159665767103e-05, -5.977391265332699e-05, -5.2426214097067714e-05, -4.507853009272367e-05, -3.773084608837962e-05, -3.0383162084035575e-05, -2.303547807969153e-05, -1.5687779523432255e-05, -8.340095519088209e-06, -9.924115147441626e-07, 6.3552724895998836e-06, 1.3702971045859158e-05, 2.1050655050203204e-05, 2.839833905454725e-05, 3.5746023058891296e-05, 4.309370706323534e-05, 5.044140561949462e-05, 5.778908962383866e-05, 6.513677362818271e-05, 7.248445763252676e-05, 7.983215618878603e-05, 8.717984019313008e-05, 9.452752419747412e-05, 0.00010187520820181817, 0.00010922289220616221, 0.00011657059076242149, 0.00012391827476676553, 0.00013126595877110958, 0.00013861364277545363, 0.00014596132677979767, 0.00015330902533605695, 0.000160656709340401, 0.00016800439334474504, 0.00017535209190100431, 0.00018269976135343313, 0.0001900474599096924, 0.00019739514391403645, 0.0002047428279183805, 0.00021209052647463977, 0.00021943821047898382, 0.00022678589448332787, 0.0002341335784876719, 0.00024148126249201596, 0.00024882896104827523, 0.00025617663050070405, 0.0002635243290569633]}, "gradients/layers.7.weight": {"_type": "histogram", "values": [1.0, 0.0, 1.0, 0.0, 0.0, 0.0, 0.0, 0.0, 0.0, 0.0, 1.0, 1.0, 0.0, 3.0, 2.0, 1.0, 1.0, 0.0, 4.0, 1.0, 5.0, 1.0, 3.0, 5.0, 4.0, 4.0, 1.0, 10.0, 71.0, 1.0, 3.0, 1.0, 4.0, 4.0, 1.0, 2.0, 2.0, 1.0, 0.0, 1.0, 2.0, 0.0, 2.0, 2.0, 0.0, 1.0, 0.0, 0.0, 0.0, 0.0, 0.0, 2.0, 0.0, 0.0, 0.0, 0.0, 0.0, 0.0, 0.0, 0.0, 0.0, 0.0, 0.0, 1.0], "bins": [-6.0834216128569096e-05, -5.8673562307376415e-05, -5.6512904848204926e-05, -5.4352251027012244e-05, -5.2191593567840755e-05, -5.003093974664807e-05, -4.787028592545539e-05, -4.570963210426271e-05, -4.354897464509122e-05, -4.138831718591973e-05, -3.922766336472705e-05, -3.706700954353437e-05, -3.4906355722341686e-05, -3.27456982631702e-05, -3.0585044441977516e-05, -2.8424386982806027e-05, -2.6263733161613345e-05, -2.4103079340420663e-05, -2.1942421881249174e-05, -1.9781768060056493e-05, -1.7621110600885004e-05, -1.5460456779692322e-05, -1.329980295849964e-05, -1.1139145499328151e-05, -8.97849167813547e-06, -6.817837856942788e-06, -4.657180397771299e-06, -2.496526576578617e-06, -3.358727553859353e-07, 1.8247810658067465e-06, 3.9854421629570425e-06, 6.146095984149724e-06, 8.306742529384792e-06, 1.0467396350577474e-05, 1.2628050171770155e-05, 1.4788711268920451e-05, 1.6949365090113133e-05, 1.9110018911305815e-05, 2.1270672732498497e-05, 2.3431330191669986e-05, 2.5591984012862667e-05, 2.775263783405535e-05, 2.9913295293226838e-05, 3.207394911441952e-05, 3.42346029356122e-05, 3.639526039478369e-05, 3.855591421597637e-05, 4.071657167514786e-05, 4.287722549634054e-05, 4.5037879317533225e-05, 4.7198536776704714e-05, 4.9359190597897395e-05, 5.1519848057068884e-05, 5.3680501878261566e-05, 5.584115569945425e-05, 5.800180952064693e-05, 6.016246697981842e-05, 6.232312443898991e-05, 6.448377826018259e-05, 6.664443208137527e-05, 6.880508590256795e-05, 7.096573972376063e-05, 7.312640082091093e-05, 7.528705464210361e-05, 7.74477084632963e-05]}, "gradients/layers.6.bias": {"_type": "histogram", "values": [1.0, 0.0, 1.0, 0.0, 0.0, 0.0, 0.0, 0.0, 0.0, 0.0, 0.0, 0.0, 0.0, 0.0, 0.0, 0.0, 1.0, 0.0, 0.0, 0.0, 0.0, 0.0, 0.0, 0.0, 0.0, 0.0, 0.0, 0.0, 1.0, 0.0, 1.0, 1.0, 2.0, 1.0, 1.0, 0.0, 0.0, 1.0, 0.0, 0.0, 0.0, 1.0, 1.0, 0.0, 0.0, 1.0, 0.0, 0.0, 0.0, 0.0, 0.0, 0.0, 0.0, 0.0, 0.0, 0.0, 0.0, 0.0, 0.0, 0.0, 0.0, 0.0, 0.0, 1.0], "bins": [-9.403416333952919e-05, -9.125944052357227e-05, -8.848472498357296e-05, -8.571000216761604e-05, -8.293527935165912e-05, -8.016056381165981e-05, -7.738584099570289e-05, -7.461111817974597e-05, -7.183640263974667e-05, -6.906167982378975e-05, -6.628695700783283e-05, -6.351224146783352e-05, -6.07375186518766e-05, -5.796279583591968e-05, -5.5188076657941565e-05, -5.2413353841984645e-05, -4.963863466400653e-05, -4.686391548602842e-05, -4.40891926700715e-05, -4.1314473492093384e-05, -3.8539750676136464e-05, -3.576503149815835e-05, -3.299031232018024e-05, -3.0215589504223317e-05, -2.744087396422401e-05, -2.466615114826709e-05, -2.189142833231017e-05, -1.911670551635325e-05, -1.6341989976353943e-05, -1.3567267160397023e-05, -1.0792544344440103e-05, -8.017828804440796e-06, -5.24311326444149e-06, -2.4683904484845698e-06, 3.063250915147364e-07, 3.081047907471657e-06, 5.855770723428577e-06, 8.630486263427883e-06, 1.1405209079384804e-05, 1.4179931895341724e-05, 1.6954654711298645e-05, 1.972937025129795e-05, 2.250409306725487e-05, 2.5278812245232984e-05, 2.8053531423211098e-05, 3.082825423916802e-05, 3.360297341714613e-05, 3.637769623310305e-05, 3.9152415411081165e-05, 4.192713458905928e-05, 4.47018574050162e-05, 4.747657658299431e-05, 5.025129939895123e-05, 5.3026018576929346e-05, 5.580073775490746e-05, 5.857546057086438e-05, 6.135017611086369e-05, 6.41248989268206e-05, 6.689962174277753e-05, 6.967433728277683e-05, 7.244906009873375e-05, 7.522378291469067e-05, 7.79985057306476e-05, 8.07732212706469e-05, 8.354794408660382e-05]}, "gradients/layers.6.weight": {"_type": "histogram", "values": [1.0, 0.0, 0.0, 1.0, 0.0, 0.0, 0.0, 0.0, 0.0, 0.0, 0.0, 0.0, 1.0, 0.0, 1.0, 0.0, 1.0, 1.0, 1.0, 2.0, 0.0, 1.0, 1.0, 0.0, 1.0, 2.0, 1.0, 1.0, 1.0, 1.0, 4.0, 3.0, 8.0, 3.0, 82.0, 7.0, 2.0, 4.0, 3.0, 1.0, 4.0, 3.0, 0.0, 1.0, 2.0, 0.0, 0.0, 0.0, 1.0, 1.0, 1.0, 0.0, 0.0, 1.0, 0.0, 0.0, 0.0, 0.0, 0.0, 0.0, 0.0, 0.0, 0.0, 1.0], "bins": [-2.6628207706380635e-05, -2.5863912014756352e-05, -2.5099614504142664e-05, -2.4335316993528977e-05, -2.3571021301904693e-05, -2.280672561028041e-05, -2.2042428099666722e-05, -2.1278130589053035e-05, -2.051383489742875e-05, -1.9749539205804467e-05, -1.898524169519078e-05, -1.8220944184577093e-05, -1.745664849295281e-05, -1.6692352801328525e-05, -1.5928055290714838e-05, -1.5163758689595852e-05, -1.4399462088476866e-05, -1.3635165487357881e-05, -1.2870868886238895e-05, -1.210657228511991e-05, -1.1342275684000924e-05, -1.057797999237664e-05, -9.813682481762953e-06, -9.049384971149266e-06, -8.285089279524982e-06, -7.520793587900698e-06, -6.756496077287011e-06, -5.9921985666733235e-06, -5.22790287504904e-06, -4.463607183424756e-06, -3.6993096728110686e-06, -2.9350121621973813e-06, -2.1707164705730975e-06, -1.4064207789488137e-06, -6.421232683351263e-07, 1.22174242278561e-07, 8.864699339028448e-07, 1.6507656255271286e-06, 2.415063136140816e-06, 3.1793606467545033e-06, 3.943656338378787e-06, 4.707952030003071e-06, 5.472249540616758e-06, 6.2365470512304455e-06, 7.000842742854729e-06, 7.765139343973715e-06, 8.5294359450927e-06, 9.293732546211686e-06, 1.0058029147330672e-05, 1.0822325748449657e-05, 1.1586622349568643e-05, 1.2350918950687628e-05, 1.3115215551806614e-05, 1.38795121529256e-05, 1.4643808754044585e-05, 1.5408106264658272e-05, 1.6172401956282556e-05, 1.693669764790684e-05, 1.7700995158520527e-05, 1.8465292669134215e-05, 1.92295883607585e-05, 1.9993884052382782e-05, 2.075818156299647e-05, 2.1522479073610157e-05, 2.228677476523444e-05]}, "gradients/layers.5.bias": {"_type": "histogram",