{"train_loss": 1.7415749857584635, "val_loss": 1.7136164398193359, "_timestamp": 1694861604.2543874, "_runtime": 201.08205127716064, "_step": 2, "_wandb": {"runtime": 265}}