{"train_loss": 0.0060071309705575305, "val_loss": 0.012254685699939727, "_timestamp": 1694776542.0552561, "_runtime": 511.43317103385925, "_step": 17, "gradients/layers.7.bias": {"_type": "histogram", "values": [1.0, 1.0, 0.0, 0.0, 2.0, 0.0, 0.0, 1.0, 0.0, 0.0, 0.0, 0.0, 0.0, 1.0, 0.0, 0.0, 1.0, 0.0, 0.0, 1.0, 0.0, 0.0, 0.0, 1.0, 0.0, 0.0, 0.0, 0.0, 1.0, 0.0, 0.0, 0.0, 0.0, 1.0, 0.0, 1.0, 0.0, 0.0, 0.0, 0.0, 0.0, 0.0, 0.0, 0.0, 0.0, 0.0, 0.0, 0.0, 0.0, 0.0, 0.0, 0.0, 0.0, 0.0, 0.0, 0.0, 0.0, 1.0, 0.0, 1.0, 0.0, 0.0, 0.0, 1.0], "bins": [0.005095626227557659, 0.00524929678067565, 0.00540296733379364, 0.005556637886911631, 0.005710308440029621, 0.005863978993147612, 0.006017649546265602, 0.006171320099383593, 0.006324990652501583, 0.006478661205619574, 0.006632331758737564, 0.006786002311855555, 0.006939672864973545, 0.007093342952430248, 0.007247013971209526, 0.007400684058666229, 0.007554355077445507, 0.00770802516490221, 0.007861696183681488, 0.008015366271138191, 0.008169037289917469, 0.008322707377374172, 0.00847637839615345, 0.008630048483610153, 0.008783718571066856, 0.008937389589846134, 0.009091060608625412, 0.009244730696082115, 0.009398400783538818, 0.009552071802318096, 0.009705742821097374, 0.009859412908554077, 0.01001308299601078, 0.010166754014790058, 0.010320425033569336, 0.010474095121026039, 0.010627765208482742, 0.01078143622726202, 0.010935107246041298, 0.011088777333498001, 0.011242447420954704, 0.011396118439733982, 0.011549788527190685, 0.011703459545969963, 0.011857129633426666, 0.012010800652205944, 0.012164470739662647, 0.012318141758441925, 0.012471811845898628, 0.012625482864677906, 0.01277915295213461, 0.012932823970913887, 0.01308649405837059, 0.013240165077149868, 0.013393835164606571, 0.013547506183385849, 0.013701176270842552, 0.01385484728962183, 0.014008517377078533, 0.014162188395857811, 0.014315858483314514, 0.014469529502093792, 0.014623199589550495, 0.014776870608329773, 0.014930540695786476]}, "gradients/layers.7.weight": {"_type": "histogram", "values": [60.0, 1.0, 4.0, 4.0, 3.0, 1.0, 1.0, 1.0, 0.0, 0.0, 0.0, 1.0, 1.0, 3.0, 3.0, 2.0, 3.0, 1.0, 4.0, 4.0, 3.0, 2.0, 3.0, 3.0, 3.0, 2.0, 3.0, 2.0, 3.0, 1.0, 1.0, 2.0, 0.0, 2.0, 4.0, 0.0, 1.0, 2.0, 1.0, 2.0, 1.0, 0.0, 1.0, 1.0, 1.0, 0.0, 1.0, 1.0, 0.0, 1.0, 1.0, 0.0, 0.0, 1.0, 1.0, 0.0, 0.0, 0.0, 0.0, 1.0, 0.0, 0.0, 1.0, 1.0], "bins": [0.0, 0.00019805463671218604, 0.0003961092734243721, 0.0005941638955846429, 0.0007922185468487442, 0.0009902731981128454, 0.0011883277911692858, 0.001386382500641048, 0.0015844370936974883, 0.0017824916867539287, 0.001980546396225691, 0.002178600989282131, 0.0023766555823385715, 0.002574710175395012, 0.002772765001282096, 0.0029708195943385363, 0.0031688741873949766, 0.003366928780451417, 0.0035649833735078573, 0.0037630381993949413, 0.003961092792451382, 0.004159147385507822, 0.004357201978564262, 0.004555256571620703, 0.004753311164677143, 0.0049513657577335835, 0.005149420350790024, 0.0053474754095077515, 0.005545530002564192, 0.005743584595620632, 0.0059416391886770725, 0.006139693781733513, 0.006337748374789953, 0.006535802967846394, 0.006733857560902834, 0.006931912153959274, 0.007129966747015715, 0.007328021340072155, 0.007526076398789883, 0.007724130991846323, 0.007922185584902763, 0.008120240643620491, 0.008318294771015644, 0.008516348898410797, 0.008714403957128525, 0.008912459015846252, 0.009110513143241405, 0.009308568201959133, 0.009506622329354286, 0.009704677388072014, 0.009902731515467167, 0.010100786574184895, 0.010298840701580048, 0.010496895760297775, 0.010694950819015503, 0.010893004946410656, 0.011091060005128384, 0.011289114132523537, 0.011487169191241264, 0.011685223318636417, 0.011883278377354145, 0.012081332504749298, 0.012279387563467026, 0.012477441690862179, 0.012675496749579906]}, "gradients/layers.6.bias": {"_type": "histogram", "values": [1.0, 1.0, 0.0, 0.0, 0.0, 0.0, 0.0, 0.0, 0.0, 0.0, 0.0, 0.0, 0.0, 0.0, 0.0, 0.0, 1.0, 0.0, 0.0, 0.0, 0.0, 0.0, 2.0, 0.0, 0.0, 0.0, 0.0, 0.0, 0.0, 0.0, 1.0, 1.0, 1.0, 0.0, 0.0, 0.0, 0.0, 0.0, 0.0, 0.0, 1.0, 0.0, 0.0, 0.0, 1.0, 0.0, 0.0, 0.0, 1.0, 0.0, 0.0, 0.0, 0.0, 1.0, 0.0, 0.0, 1.0, 0.0, 0.0, 0.0, 1.0, 0.0, 0.0, 1.0], "bins": [-0.010818222537636757, -0.010456958785653114, -0.010095695033669472, -0.009734432213008404, -0.009373168461024761, -0.009011904709041119, -0.00865064188838005, -0.008289378136396408, -0.007928114384412766, -0.007566850632429123, -0.007205587346106768, -0.006844324059784412, -0.00648306030780077, -0.006121796555817127, -0.005760533269494772, -0.005399269983172417, -0.005038006231188774, -0.0046767424792051315, -0.004315479192882776, -0.003954215906560421, -0.0035929521545767784, -0.003231688402593136, -0.002870425581932068, -0.0025091618299484253, -0.0021478980779647827, -0.0017866343259811401, -0.0014253705739974976, -0.0010641077533364296, -0.000702844001352787, -0.00034158024936914444, 1.9682571291923523e-05, 0.0003809463232755661, 0.0007422110065817833, 0.0011034747585654259, 0.0014647385105490685, 0.0018260013312101364, 0.002187265083193779, 0.0025485288351774216, 0.0029097916558384895, 0.003271055407822132, 0.0036323191598057747, 0.003993582911789417, 0.00435484666377306, 0.004716109484434128, 0.00507737323641777, 0.005438636988401413, 0.005799900274723768, 0.0061611635610461235, 0.006522427313029766, 0.006883691065013409, 0.007244954351335764, 0.007606217637658119, 0.007967481389641762, 0.008328745141625404, 0.008690008893609047, 0.009051271714270115, 0.009412535466253757, 0.0097737992182374, 0.010135062038898468, 0.01049632579088211, 0.010857589542865753, 0.011218853294849396, 0.011580117046833038, 0.011941379867494106, 0.012302643619477749]}, "gradients/layers.6.weight": {"_type": "histogram", "values": [2.0, 0.0, 0.0, 0.0, 2.0, 0.0, 2.0, 0.0, 1.0, 1.0, 1.0, 1.0, 0.0, 1.0, 0.0, 1.0, 0.0, 0.0, 1.0, 0.0, 2.0, 3.0, 1.0, 2.0, 3.0, 3.0, 2.0, 1.0, 66.0, 6.0, 3.0, 6.0, 4.0, 0.0, 2.0, 2.0, 2.0, 0.0, 3.0, 1.0, 1.0, 0.0, 3.0, 1.0, 1.0, 3.0, 1.0, 3.0, 2.0, 0.0, 1.0, 2.0, 1.0, 0.0, 1.0, 1.0, 1.0, 0.0, 0.0, 1.0, 1.0, 0.0, 0.0, 1.0], "bins": [-0.009447403252124786, -0.009119320660829544, -0.008791238069534302, -0.008463156409561634, -0.008135073818266392, -0.0078069912269711494, -0.0074789091013371944, -0.0071508269757032394, -0.006822744384407997, -0.006494661793112755, -0.0061665796674788, -0.005838497541844845, -0.0055104149505496025, -0.00518233235925436, -0.004854250233620405, -0.00452616810798645, -0.004198085516691208, -0.0038700029253959656, -0.0035419207997620106, -0.0032138386741280556, -0.0028857560828328133, -0.002557673491537571, -0.002229591365903616, -0.001901509240269661, -0.0015734266489744186, -0.0012453440576791763, -0.000917261466383934, -0.0005891798064112663, -0.000261097215116024, 6.698537617921829e-05, 0.000395067036151886, 0.0007231496274471283, 0.0010512331500649452, 0.0013793157413601875, 0.0017073983326554298, 0.0020354799926280975, 0.00236356258392334, 0.002691645175218582, 0.00301972683519125, 0.003347809426486492, 0.0036758920177817345, 0.004003974609076977, 0.004332056734710932, 0.004660138860344887, 0.004988221451640129, 0.005316304042935371, 0.005644386168569326, 0.005972468294203281, 0.006300550885498524, 0.006628633476793766, 0.006956715602427721, 0.007284797728061676, 0.007612880319356918, 0.00794096291065216, 0.008269045501947403, 0.00859712716192007, 0.008925209753215313, 0.009253292344510555, 0.009581374004483223, 0.009909456595778465, 0.010237539187073708, 0.01056562177836895, 0.010893704369664192, 0.01122178602963686, 0.011549868620932102]}, "gradients/layers.5.bias": {"_type": "histogram", "values": [1.0, 0.0, 0.0, 0.0, 0.0, 1.0, 0.0, 0.0, 0.0, 0.0, 0.0, 0.0, 0.0, 0.0, 0.0, 0.0, 0.0, 0.0, 0.0, 0.0, 0.0, 0.0, 1.0, 0.0, 0.0, 1.0, 1.0, 0.0, 0.0, 0.0, 0.0, 0.0, 0.0, 0.0, 0.0, 1.0, 0.0, 0.0, 0.0, 0.0, 0.0, 0.0, 0.0, 0.0, 0.0, 0.0, 0.0, 0.0, 0.0, 0.0, 0.0, 0.0, 0.0, 0.0, 0.0, 0.0, 0.0, 0.0, 0.0, 0.0, 0.0, 0.0, 0.0, 4.0],