{"train_loss": 4.689947443819932e+129, "val_loss": 2.0308310642835918e+133, "_timestamp": 1694604661.934726, "_runtime": 17.6938738822937, "_step": 79, "_wandb": {"runtime": 17}}