{"train_loss": 6.788337916089603, "val_loss": 7.148965593552978, "_timestamp": 1694762457.297175, "_runtime": 20.597388982772827, "_step": 79, "_wandb": {"runtime": 17}}