{"train_loss": 1.6463470128377278, "val_loss": 1.631984329223633, "_timestamp": 1694861943.7642522, "_runtime": 134.4001030921936, "_step": 1, "_wandb": {"runtime": 173}}