{"train_loss": 4.692300095639348e+268, "val_loss": 4.276435960230357e+199, "_timestamp": 1694606357.74313, "_runtime": 4.429733991622925, "_step": 4, "_wandb": {"runtime": 3}}