{"train_loss": 1.6118468529466212e+271, "val_loss": 1.1391423013137713e+237, "_timestamp": 1694640822.1401231, "_runtime": 3.6686830520629883, "_step": 0, "_wandb": {"runtime": 3}}